source_id,source_title,source_url,publisher_or_org,source_type,source_class,confidence,relevance_hint,evidence_count,run_count
real-8538349,S&#227;o Jos - blog.cancaonova.com,https://blog.cancaonova.com/brasilia/files/2025/02/Roteiro-de-consagracao-a-Sao-Jose.pdf,Bing HTML,web_result,scientific_knowledge_source,0.55,0.55,1,1
real-482219,S&#227;o Jos - blog.cancaonova.com,https://blog.cancaonova.com/brasilia/files/2025/02/Roteiro-de-consagracao-a-Sao-Jose.pdf,Bing HTML,web_result,scientific_knowledge_source,0.55,0.55,1,1
real-6886575,S&#227;o Jos - blog.cancaonova.com,https://blog.cancaonova.com/brasilia/files/2025/02/Roteiro-de-consagracao-a-Sao-Jose.pdf,Bing HTML,web_result,scientific_knowledge_source,0.55,0.55,1,1
real-8130419,S&#227;o Jos - blog.cancaonova.com,https://blog.cancaonova.com/brasilia/files/2025/02/Roteiro-de-consagracao-a-Sao-Jose.pdf,Bing HTML,web_result,scientific_knowledge_source,0.55,0.55,1,1
real-3913406,S&#227;o Jos - blog.cancaonova.com,https://blog.cancaonova.com/brasilia/files/2025/02/Roteiro-de-consagracao-a-Sao-Jose.pdf,Bing HTML,web_result,scientific_knowledge_source,0.55,0.55,1,1
real-7585441,S&#227;o Jos - blog.cancaonova.com,https://blog.cancaonova.com/brasilia/files/2025/02/Roteiro-de-consagracao-a-Sao-Jose.pdf,Bing HTML,web_result,scientific_knowledge_source,0.55,0.55,1,1
real-3542430,S&#227;o Jos - blog.cancaonova.com,https://blog.cancaonova.com/brasilia/files/2025/02/Roteiro-de-consagracao-a-Sao-Jose.pdf,Bing HTML,web_result,scientific_knowledge_source,0.55,0.55,1,1
real-7325627,S&#227;o Jos - blog.cancaonova.com,https://blog.cancaonova.com/brasilia/files/2025/02/Roteiro-de-consagracao-a-Sao-Jose.pdf,Bing HTML,web_result,scientific_knowledge_source,0.55,0.55,1,1
real-871509,S&#227;o Jos - blog.cancaonova.com,https://blog.cancaonova.com/brasilia/files/2025/02/Roteiro-de-consagracao-a-Sao-Jose.pdf,Bing HTML,web_result,scientific_knowledge_source,0.55,0.55,1,1
real-9127489,S&#227;o Jos - blog.cancaonova.com,https://blog.cancaonova.com/brasilia/files/2025/02/Roteiro-de-consagracao-a-Sao-Jose.pdf,Bing HTML,web_result,scientific_knowledge_source,0.55,0.55,1,1
real-6238311,S&#227;o Jos - blog.cancaonova.com,https://blog.cancaonova.com/brasilia/files/2025/02/Roteiro-de-consagracao-a-Sao-Jose.pdf,Bing HTML,web_result,scientific_knowledge_source,0.55,0.55,1,1
real-2640916,S&#227;o Jos - blog.cancaonova.com,https://blog.cancaonova.com/brasilia/files/2025/02/Roteiro-de-consagracao-a-Sao-Jose.pdf,Bing HTML,web_result,scientific_knowledge_source,0.55,0.55,1,1
real-1196372,S&#227;o Jos - blog.cancaonova.com,https://blog.cancaonova.com/brasilia/files/2025/02/Roteiro-de-consagracao-a-Sao-Jose.pdf,Bing HTML,web_result,scientific_knowledge_source,0.55,0.55,1,1
real-635959,S&#227;o Jos - blog.cancaonova.com,https://blog.cancaonova.com/brasilia/files/2025/02/Roteiro-de-consagracao-a-Sao-Jose.pdf,Bing HTML,web_result,scientific_knowledge_source,0.55,0.55,1,1
real-4954940,NOVENA_S&#195;O JOS&#201;_WHATSAPP - Comunidade Cat&#243;lica Shalom,https://comshalom.org/comunhaodebens/pdf/novena_sao_jose.pdf,Bing HTML,web_result,scientific_knowledge_source,0.55,0.65,1,1
real-6406898,NOVENA_S&#195;O JOS&#201;_WHATSAPP - Comunidade Cat&#243;lica Shalom,https://comshalom.org/comunhaodebens/pdf/novena_sao_jose.pdf,Bing HTML,web_result,scientific_knowledge_source,0.55,0.65,1,1
real-925718,NOVENA_S&#195;O JOS&#201;_WHATSAPP - Comunidade Cat&#243;lica Shalom,https://comshalom.org/comunhaodebens/pdf/novena_sao_jose.pdf,Bing HTML,web_result,scientific_knowledge_source,0.55,0.65,1,1
real-3234296,NOVENA_S&#195;O JOS&#201;_WHATSAPP - Comunidade Cat&#243;lica Shalom,https://comshalom.org/comunhaodebens/pdf/novena_sao_jose.pdf,Bing HTML,web_result,scientific_knowledge_source,0.55,0.65,1,1
real-9957711,NOVENA_S&#195;O JOS&#201;_WHATSAPP - Comunidade Cat&#243;lica Shalom,https://comshalom.org/comunhaodebens/pdf/novena_sao_jose.pdf,Bing HTML,web_result,scientific_knowledge_source,0.55,0.65,1,1
real-7371073,NOVENA_S&#195;O JOS&#201;_WHATSAPP - Comunidade Cat&#243;lica Shalom,https://comshalom.org/comunhaodebens/pdf/novena_sao_jose.pdf,Bing HTML,web_result,scientific_knowledge_source,0.55,0.65,1,1
real-6577769,NOVENA_S&#195;O JOS&#201;_WHATSAPP - Comunidade Cat&#243;lica Shalom,https://comshalom.org/comunhaodebens/pdf/novena_sao_jose.pdf,Bing HTML,web_result,scientific_knowledge_source,0.55,0.65,1,1
real-714063,NOVENA_S&#195;O JOS&#201;_WHATSAPP - Comunidade Cat&#243;lica Shalom,https://comshalom.org/comunhaodebens/pdf/novena_sao_jose.pdf,Bing HTML,web_result,scientific_knowledge_source,0.55,0.65,1,1
real-7970783,NOVENA_S&#195;O JOS&#201;_WHATSAPP - Comunidade Cat&#243;lica Shalom,https://comshalom.org/comunhaodebens/pdf/novena_sao_jose.pdf,Bing HTML,web_result,scientific_knowledge_source,0.55,0.65,1,1
real-7707933,NOVENA_S&#195;O JOS&#201;_WHATSAPP - Comunidade Cat&#243;lica Shalom,https://comshalom.org/comunhaodebens/pdf/novena_sao_jose.pdf,Bing HTML,web_result,scientific_knowledge_source,0.55,0.65,1,1
real-5391774,NOVENA_S&#195;O JOS&#201;_WHATSAPP - Comunidade Cat&#243;lica Shalom,https://comshalom.org/comunhaodebens/pdf/novena_sao_jose.pdf,Bing HTML,web_result,scientific_knowledge_source,0.55,0.65,1,1
real-6501231,NOVENA_S&#195;O JOS&#201;_WHATSAPP - Comunidade Cat&#243;lica Shalom,https://comshalom.org/comunhaodebens/pdf/novena_sao_jose.pdf,Bing HTML,web_result,scientific_knowledge_source,0.55,0.65,1,1
real-9285063,NOVENA_S&#195;O JOS&#201;_WHATSAPP - Comunidade Cat&#243;lica Shalom,https://comshalom.org/comunhaodebens/pdf/novena_sao_jose.pdf,Bing HTML,web_result,scientific_knowledge_source,0.55,0.65,1,1
real-7313221,NOVENA_S&#195;O JOS&#201;_WHATSAPP - Comunidade Cat&#243;lica Shalom,https://comshalom.org/comunhaodebens/pdf/novena_sao_jose.pdf,Bing HTML,web_result,scientific_knowledge_source,0.55,0.65,1,1
real-201895,How Many Servings in a Gallon of Tea? A Comprehensive Guide,https://elevatingkitchen.com/how-many-servings-are-in-a-gallon-of-tea/,Bing HTML,web_result,scientific_knowledge_source,0.55,0.55,1,1
real-2162499,NOVENA A S&#195;O JOS&#201; - irmandadedocarmo.org,https://irmandadedocarmo.org/wp-content/uploads/2025/03/novena-a-sao-jose.pdf,Bing HTML,web_result,scientific_knowledge_source,0.55,0.65,1,1
real-1174470,NOVENA A S&#195;O JOS&#201; - irmandadedocarmo.org,https://irmandadedocarmo.org/wp-content/uploads/2025/03/novena-a-sao-jose.pdf,Bing HTML,web_result,scientific_knowledge_source,0.55,0.65,1,1
real-1649564,NOVENA A S&#195;O JOS&#201; - irmandadedocarmo.org,https://irmandadedocarmo.org/wp-content/uploads/2025/03/novena-a-sao-jose.pdf,Bing HTML,web_result,scientific_knowledge_source,0.55,0.65,1,1
real-2797434,NOVENA A S&#195;O JOS&#201; - irmandadedocarmo.org,https://irmandadedocarmo.org/wp-content/uploads/2025/03/novena-a-sao-jose.pdf,Bing HTML,web_result,scientific_knowledge_source,0.55,0.65,1,1
real-8342141,NOVENA A S&#195;O JOS&#201; - irmandadedocarmo.org,https://irmandadedocarmo.org/wp-content/uploads/2025/03/novena-a-sao-jose.pdf,Bing HTML,web_result,scientific_knowledge_source,0.55,0.65,1,1
real-6042040,NOVENA A S&#195;O JOS&#201; - irmandadedocarmo.org,https://irmandadedocarmo.org/wp-content/uploads/2025/03/novena-a-sao-jose.pdf,Bing HTML,web_result,scientific_knowledge_source,0.55,0.65,1,1
real-4938271,NOVENA A S&#195;O JOS&#201; - irmandadedocarmo.org,https://irmandadedocarmo.org/wp-content/uploads/2025/03/novena-a-sao-jose.pdf,Bing HTML,web_result,scientific_knowledge_source,0.55,0.65,1,1
real-6539223,NOVENA A S&#195;O JOS&#201; - irmandadedocarmo.org,https://irmandadedocarmo.org/wp-content/uploads/2025/03/novena-a-sao-jose.pdf,Bing HTML,web_result,scientific_knowledge_source,0.55,0.65,1,1
real-4153592,NOVENA A S&#195;O JOS&#201; - irmandadedocarmo.org,https://irmandadedocarmo.org/wp-content/uploads/2025/03/novena-a-sao-jose.pdf,Bing HTML,web_result,scientific_knowledge_source,0.55,0.65,1,1
real-6031589,NOVENA A S&#195;O JOS&#201; - irmandadedocarmo.org,https://irmandadedocarmo.org/wp-content/uploads/2025/03/novena-a-sao-jose.pdf,Bing HTML,web_result,scientific_knowledge_source,0.55,0.65,1,1
real-1224621,NOVENA A S&#195;O JOS&#201; - irmandadedocarmo.org,https://irmandadedocarmo.org/wp-content/uploads/2025/03/novena-a-sao-jose.pdf,Bing HTML,web_result,scientific_knowledge_source,0.55,0.65,1,1
real-1875166,NOVENA A S&#195;O JOS&#201; - irmandadedocarmo.org,https://irmandadedocarmo.org/wp-content/uploads/2025/03/novena-a-sao-jose.pdf,Bing HTML,web_result,scientific_knowledge_source,0.55,0.65,1,1
real-8369211,NOVENA A S&#195;O JOS&#201; - irmandadedocarmo.org,https://irmandadedocarmo.org/wp-content/uploads/2025/03/novena-a-sao-jose.pdf,Bing HTML,web_result,scientific_knowledge_source,0.55,0.65,1,1
real-2206483,NOVENA A S&#195;O JOS&#201; - irmandadedocarmo.org,https://irmandadedocarmo.org/wp-content/uploads/2025/03/novena-a-sao-jose.pdf,Bing HTML,web_result,scientific_knowledge_source,0.55,0.65,1,1
real-2643266,How Many Drinks in a Gallon of Tea: Your Quick Guide,https://meemawsrecipes.com/how-many-drinks-in-a-gallon-of-tea/,Bing HTML,web_result,scientific_knowledge_source,0.55,0.55,1,1
real-9552530,BACIA translation in English | Italian-English Dictionary ...,https://mobile-dictionary.reverso.net/italian-english/bacia,Bing HTML,web_result,scientific_knowledge_source,0.55,0.7,1,1
real-3178524,BACIA translation in English | Italian-English Dictionary ...,https://mobile-dictionary.reverso.net/italian-english/bacia,Bing HTML,web_result,scientific_knowledge_source,0.55,0.7,1,1
real-7202628,BACIA translation in English | Italian-English Dictionary ...,https://mobile-dictionary.reverso.net/italian-english/bacia,Bing HTML,web_result,scientific_knowledge_source,0.55,0.7,1,1
real-466621,BACIA translation in English | Italian-English Dictionary ...,https://mobile-dictionary.reverso.net/italian-english/bacia,Bing HTML,web_result,scientific_knowledge_source,0.55,0.7,1,1
real-2843692,BACIA translation in English | Italian-English Dictionary ...,https://mobile-dictionary.reverso.net/italian-english/bacia,Bing HTML,web_result,scientific_knowledge_source,0.55,0.7,1,1
real-7601220,BACIA translation in English | Italian-English Dictionary ...,https://mobile-dictionary.reverso.net/italian-english/bacia,Bing HTML,web_result,scientific_knowledge_source,0.55,0.7,1,1
real-633725,BACIA translation in English | Italian-English Dictionary ...,https://mobile-dictionary.reverso.net/italian-english/bacia,Bing HTML,web_result,scientific_knowledge_source,0.55,0.7,1,1
real-3027557,BACIA translation in English | Italian-English Dictionary ...,https://mobile-dictionary.reverso.net/italian-english/bacia,Bing HTML,web_result,scientific_knowledge_source,0.55,0.7,1,1
real-9730381,BACIA translation in English | Italian-English Dictionary ...,https://mobile-dictionary.reverso.net/italian-english/bacia,Bing HTML,web_result,scientific_knowledge_source,0.55,0.7,1,1
real-9913004,BACIA translation in English | Italian-English Dictionary ...,https://mobile-dictionary.reverso.net/italian-english/bacia,Bing HTML,web_result,scientific_knowledge_source,0.55,0.7,1,1
real-1814109,BACIA translation in English | Italian-English Dictionary ...,https://mobile-dictionary.reverso.net/italian-english/bacia,Bing HTML,web_result,scientific_knowledge_source,0.55,0.7,1,1
real-2261474,BACIA translation in English | Italian-English Dictionary ...,https://mobile-dictionary.reverso.net/italian-english/bacia,Bing HTML,web_result,scientific_knowledge_source,0.55,0.7,1,1
real-267224,BACIA translation in English | Italian-English Dictionary ...,https://mobile-dictionary.reverso.net/italian-english/bacia,Bing HTML,web_result,scientific_knowledge_source,0.55,0.7,1,1
real-2431670,Catequeses sobre S&#227;o Jos&#233; - Opus Dei,https://multimedia.opusdei.org/doc/pdf/Catequeses%20sobre%20Sao%20Jose%20-%20Papa%20Francisco20220312164116636121.pdf,Bing HTML,web_result,scientific_knowledge_source,0.55,0.65,1,1
real-6285380,Catequeses sobre S&#227;o Jos&#233; - Opus Dei,https://multimedia.opusdei.org/doc/pdf/Catequeses%20sobre%20Sao%20Jose%20-%20Papa%20Francisco20220312164116636121.pdf,Bing HTML,web_result,scientific_knowledge_source,0.55,0.65,1,1
real-7826163,Catequeses sobre S&#227;o Jos&#233; - Opus Dei,https://multimedia.opusdei.org/doc/pdf/Catequeses%20sobre%20Sao%20Jose%20-%20Papa%20Francisco20220312164116636121.pdf,Bing HTML,web_result,scientific_knowledge_source,0.55,0.65,1,1
real-6178929,Catequeses sobre S&#227;o Jos&#233; - Opus Dei,https://multimedia.opusdei.org/doc/pdf/Catequeses%20sobre%20Sao%20Jose%20-%20Papa%20Francisco20220312164116636121.pdf,Bing HTML,web_result,scientific_knowledge_source,0.55,0.65,1,1
real-7319369,Catequeses sobre S&#227;o Jos&#233; - Opus Dei,https://multimedia.opusdei.org/doc/pdf/Catequeses%20sobre%20Sao%20Jose%20-%20Papa%20Francisco20220312164116636121.pdf,Bing HTML,web_result,scientific_knowledge_source,0.55,0.65,1,1
real-3673997,Catequeses sobre S&#227;o Jos&#233; - Opus Dei,https://multimedia.opusdei.org/doc/pdf/Catequeses%20sobre%20Sao%20Jose%20-%20Papa%20Francisco20220312164116636121.pdf,Bing HTML,web_result,scientific_knowledge_source,0.55,0.65,1,1
real-1021086,Catequeses sobre S&#227;o Jos&#233; - Opus Dei,https://multimedia.opusdei.org/doc/pdf/Catequeses%20sobre%20Sao%20Jose%20-%20Papa%20Francisco20220312164116636121.pdf,Bing HTML,web_result,scientific_knowledge_source,0.55,0.65,1,1
real-8211939,Catequeses sobre S&#227;o Jos&#233; - Opus Dei,https://multimedia.opusdei.org/doc/pdf/Catequeses%20sobre%20Sao%20Jose%20-%20Papa%20Francisco20220312164116636121.pdf,Bing HTML,web_result,scientific_knowledge_source,0.55,0.65,1,1
real-1695972,Catequeses sobre S&#227;o Jos&#233; - Opus Dei,https://multimedia.opusdei.org/doc/pdf/Catequeses%20sobre%20Sao%20Jose%20-%20Papa%20Francisco20220312164116636121.pdf,Bing HTML,web_result,scientific_knowledge_source,0.55,0.65,1,1
real-2389183,Catequeses sobre S&#227;o Jos&#233; - Opus Dei,https://multimedia.opusdei.org/doc/pdf/Catequeses%20sobre%20Sao%20Jose%20-%20Papa%20Francisco20220312164116636121.pdf,Bing HTML,web_result,scientific_knowledge_source,0.55,0.65,1,1
real-9227029,Catequeses sobre S&#227;o Jos&#233; - Opus Dei,https://multimedia.opusdei.org/doc/pdf/Catequeses%20sobre%20Sao%20Jose%20-%20Papa%20Francisco20220312164116636121.pdf,Bing HTML,web_result,scientific_knowledge_source,0.55,0.65,1,1
real-4577371,Catequeses sobre S&#227;o Jos&#233; - Opus Dei,https://multimedia.opusdei.org/doc/pdf/Catequeses%20sobre%20Sao%20Jose%20-%20Papa%20Francisco20220312164116636121.pdf,Bing HTML,web_result,scientific_knowledge_source,0.55,0.65,1,1
real-1839981,Catequeses sobre S&#227;o Jos&#233; - Opus Dei,https://multimedia.opusdei.org/doc/pdf/Catequeses%20sobre%20Sao%20Jose%20-%20Papa%20Francisco20220312164116636121.pdf,Bing HTML,web_result,scientific_knowledge_source,0.55,0.65,1,1
real-3399047,Catequeses sobre S&#227;o Jos&#233; - Opus Dei,https://multimedia.opusdei.org/doc/pdf/Catequeses%20sobre%20Sao%20Jose%20-%20Papa%20Francisco20220312164116636121.pdf,Bing HTML,web_result,scientific_knowledge_source,0.55,0.65,1,1
real-4602219,How Many Servings Are in a Gallon of Tea?,https://professionalteataster.com/how-many-servings-are-in-a-gallon-of-tea/,Bing HTML,web_result,scientific_knowledge_source,0.55,0.55,1,1
real-2693641,Suma Teol&#243;gica,https://sumateologica.files.wordpress.com/2017/04/suma-teolc3b3gica.pdf,Bing HTML,web_result,scientific_knowledge_source,0.55,0.55,1,1
real-3423052,Suma Teol&#243;gica,https://sumateologica.files.wordpress.com/2017/04/suma-teolc3b3gica.pdf,Bing HTML,web_result,scientific_knowledge_source,0.55,0.55,1,1
real-4276382,Suma Teol&#243;gica,https://sumateologica.files.wordpress.com/2017/04/suma-teolc3b3gica.pdf,Bing HTML,web_result,scientific_knowledge_source,0.55,0.55,1,1
real-488363,Suma Teol&#243;gica,https://sumateologica.files.wordpress.com/2017/04/suma-teolc3b3gica.pdf,Bing HTML,web_result,scientific_knowledge_source,0.55,0.55,1,1
real-7505180,Suma Teol&#243;gica,https://sumateologica.files.wordpress.com/2017/04/suma-teolc3b3gica.pdf,Bing HTML,web_result,scientific_knowledge_source,0.55,0.55,1,1
real-3449244,Suma Teol&#243;gica,https://sumateologica.files.wordpress.com/2017/04/suma-teolc3b3gica.pdf,Bing HTML,web_result,scientific_knowledge_source,0.55,0.55,1,1
real-6493874,Suma Teol&#243;gica,https://sumateologica.files.wordpress.com/2017/04/suma-teolc3b3gica.pdf,Bing HTML,web_result,scientific_knowledge_source,0.55,0.55,1,1
real-957276,Suma Teol&#243;gica,https://sumateologica.files.wordpress.com/2017/04/suma-teolc3b3gica.pdf,Bing HTML,web_result,scientific_knowledge_source,0.55,0.55,1,1
real-1702729,Suma Teol&#243;gica,https://sumateologica.files.wordpress.com/2017/04/suma-teolc3b3gica.pdf,Bing HTML,web_result,scientific_knowledge_source,0.55,0.55,1,1
real-3917320,Suma Teol&#243;gica,https://sumateologica.files.wordpress.com/2017/04/suma-teolc3b3gica.pdf,Bing HTML,web_result,scientific_knowledge_source,0.55,0.55,1,1
real-9142147,Suma Teol&#243;gica,https://sumateologica.files.wordpress.com/2017/04/suma-teolc3b3gica.pdf,Bing HTML,web_result,scientific_knowledge_source,0.55,0.55,1,1
real-4107203,Suma Teol&#243;gica,https://sumateologica.files.wordpress.com/2017/04/suma-teolc3b3gica.pdf,Bing HTML,web_result,scientific_knowledge_source,0.55,0.55,1,1
real-5600163,Suma Teol&#243;gica,https://sumateologica.files.wordpress.com/2017/04/suma-teolc3b3gica.pdf,Bing HTML,web_result,scientific_knowledge_source,0.55,0.55,1,1
real-5710869,Suma Teol&#243;gica,https://sumateologica.files.wordpress.com/2017/04/suma-teolc3b3gica.pdf,Bing HTML,web_result,scientific_knowledge_source,0.55,0.55,1,1
real-754117,How Many Servings Are In A Gallon Of Tea? [2026],https://summerstirs.com/how-many-servings-are-in-a-gallon-of-tea/,Bing HTML,web_result,scientific_knowledge_source,0.55,0.55,1,1
real-6644739,Bacia: WOMEN BOOTS - amazon.com,https://www.amazon.com/stores/Bacia/page/4214B7C1-54C0-47A4-B4AC-B02B1489E234,Bing HTML,web_result,scientific_knowledge_source,0.55,0.7,1,1
real-2325730,Bacia: WOMEN BOOTS - amazon.com,https://www.amazon.com/stores/Bacia/page/4214B7C1-54C0-47A4-B4AC-B02B1489E234,Bing HTML,web_result,scientific_knowledge_source,0.55,0.7,1,1
real-2824521,Bacia: WOMEN BOOTS - amazon.com,https://www.amazon.com/stores/Bacia/page/4214B7C1-54C0-47A4-B4AC-B02B1489E234,Bing HTML,web_result,scientific_knowledge_source,0.55,0.7,1,1
real-79227,Bacia: WOMEN BOOTS - amazon.com,https://www.amazon.com/stores/Bacia/page/4214B7C1-54C0-47A4-B4AC-B02B1489E234,Bing HTML,web_result,scientific_knowledge_source,0.55,0.7,1,1
real-7484328,Bacia: WOMEN BOOTS - amazon.com,https://www.amazon.com/stores/Bacia/page/4214B7C1-54C0-47A4-B4AC-B02B1489E234,Bing HTML,web_result,scientific_knowledge_source,0.55,0.7,1,1
real-9297644,Bacia: WOMEN BOOTS - amazon.com,https://www.amazon.com/stores/Bacia/page/4214B7C1-54C0-47A4-B4AC-B02B1489E234,Bing HTML,web_result,scientific_knowledge_source,0.55,0.7,1,1
real-8290563,Bacia: WOMEN BOOTS - amazon.com,https://www.amazon.com/stores/Bacia/page/4214B7C1-54C0-47A4-B4AC-B02B1489E234,Bing HTML,web_result,scientific_knowledge_source,0.55,0.7,1,1
real-85080,Bacia: WOMEN BOOTS - amazon.com,https://www.amazon.com/stores/Bacia/page/4214B7C1-54C0-47A4-B4AC-B02B1489E234,Bing HTML,web_result,scientific_knowledge_source,0.55,0.7,1,1
real-3439944,Bacia: WOMEN BOOTS - amazon.com,https://www.amazon.com/stores/Bacia/page/4214B7C1-54C0-47A4-B4AC-B02B1489E234,Bing HTML,web_result,scientific_knowledge_source,0.55,0.7,1,1
real-784757,Bacia: WOMEN BOOTS - amazon.com,https://www.amazon.com/stores/Bacia/page/4214B7C1-54C0-47A4-B4AC-B02B1489E234,Bing HTML,web_result,scientific_knowledge_source,0.55,0.7,1,1
real-6861184,Bacia: WOMEN BOOTS - amazon.com,https://www.amazon.com/stores/Bacia/page/4214B7C1-54C0-47A4-B4AC-B02B1489E234,Bing HTML,web_result,scientific_knowledge_source,0.55,0.7,1,1
real-5295573,Bacia: WOMEN BOOTS - amazon.com,https://www.amazon.com/stores/Bacia/page/4214B7C1-54C0-47A4-B4AC-B02B1489E234,Bing HTML,web_result,scientific_knowledge_source,0.55,0.7,1,1
real-5465292,Bacia: WOMEN BOOTS - amazon.com,https://www.amazon.com/stores/Bacia/page/4214B7C1-54C0-47A4-B4AC-B02B1489E234,Bing HTML,web_result,scientific_knowledge_source,0.55,0.7,1,1
real-4512903,Bacia Top 20 Products from Women's Ankle Boots &amp; Booties ...,https://www.findthisbest.com/brand/840517-bacia,Bing HTML,web_result,scientific_knowledge_source,0.55,0.7,1,1
real-6612199,Bacia Top 20 Products from Women's Ankle Boots &amp; Booties ...,https://www.findthisbest.com/brand/840517-bacia,Bing HTML,web_result,scientific_knowledge_source,0.55,0.7,1,1
real-4353837,Bacia Top 20 Products from Women's Ankle Boots &amp; Booties ...,https://www.findthisbest.com/brand/840517-bacia,Bing HTML,web_result,scientific_knowledge_source,0.55,0.7,1,1
real-2370958,Bacia Top 20 Products from Women's Ankle Boots &amp; Booties ...,https://www.findthisbest.com/brand/840517-bacia,Bing HTML,web_result,scientific_knowledge_source,0.55,0.7,1,1
real-450571,Bacia Top 20 Products from Women's Ankle Boots &amp; Booties ...,https://www.findthisbest.com/brand/840517-bacia,Bing HTML,web_result,scientific_knowledge_source,0.55,0.7,1,1
real-4711847,Bacia Top 20 Products from Women's Ankle Boots &amp; Booties ...,https://www.findthisbest.com/brand/840517-bacia,Bing HTML,web_result,scientific_knowledge_source,0.55,0.7,1,1
real-480520,Bacia Top 20 Products from Women's Ankle Boots &amp; Booties ...,https://www.findthisbest.com/brand/840517-bacia,Bing HTML,web_result,scientific_knowledge_source,0.55,0.7,1,1
real-7401600,Bacia Top 20 Products from Women's Ankle Boots &amp; Booties ...,https://www.findthisbest.com/brand/840517-bacia,Bing HTML,web_result,scientific_knowledge_source,0.55,0.7,1,1
real-715798,Bacia Top 20 Products from Women's Ankle Boots &amp; Booties ...,https://www.findthisbest.com/brand/840517-bacia,Bing HTML,web_result,scientific_knowledge_source,0.55,0.7,1,1
real-7705710,Bacia Top 20 Products from Women's Ankle Boots &amp; Booties ...,https://www.findthisbest.com/brand/840517-bacia,Bing HTML,web_result,scientific_knowledge_source,0.55,0.7,1,1
real-6768202,Bacia Top 20 Products from Women's Ankle Boots &amp; Booties ...,https://www.findthisbest.com/brand/840517-bacia,Bing HTML,web_result,scientific_knowledge_source,0.55,0.7,1,1
real-6867992,Bacia Top 20 Products from Women's Ankle Boots &amp; Booties ...,https://www.findthisbest.com/brand/840517-bacia,Bing HTML,web_result,scientific_knowledge_source,0.55,0.7,1,1
real-813503,Bacia Top 20 Products from Women's Ankle Boots &amp; Booties ...,https://www.findthisbest.com/brand/840517-bacia,Bing HTML,web_result,scientific_knowledge_source,0.55,0.7,1,1
real-186311,Rio Salado - Online Community College,https://www.riosalado.edu/,Bing HTML,web_result,scientific_knowledge_source,0.55,0.65,1,1
real-9392027,Rio Salado - Online Community College,https://www.riosalado.edu/,Bing HTML,web_result,scientific_knowledge_source,0.55,0.65,1,1
real-6497322,Rio Salado - Online Community College,https://www.riosalado.edu/,Bing HTML,web_result,scientific_knowledge_source,0.55,0.65,1,1
real-9501266,Rio Salado - Online Community College,https://www.riosalado.edu/,Bing HTML,web_result,scientific_knowledge_source,0.55,0.65,1,1
real-350586,Rio Salado - Online Community College,https://www.riosalado.edu/,Bing HTML,web_result,scientific_knowledge_source,0.55,0.65,1,1
real-7680834,Rio Salado - Online Community College,https://www.riosalado.edu/,Bing HTML,web_result,scientific_knowledge_source,0.55,0.65,1,1
real-1330080,Rio Salado - Online Community College,https://www.riosalado.edu/,Bing HTML,web_result,scientific_knowledge_source,0.55,0.65,1,1
real-2011324,Rio Salado - Online Community College,https://www.riosalado.edu/,Bing HTML,web_result,scientific_knowledge_source,0.55,0.65,1,1
real-3897567,Rio Salado - Online Community College,https://www.riosalado.edu/,Bing HTML,web_result,scientific_knowledge_source,0.55,0.65,1,1
real-5797359,Rio Salado - Online Community College,https://www.riosalado.edu/,Bing HTML,web_result,scientific_knowledge_source,0.55,0.65,1,1
real-1374132,Rio Salado - Online Community College,https://www.riosalado.edu/,Bing HTML,web_result,scientific_knowledge_source,0.55,0.65,1,1
real-258099,Rio Salado - Online Community College,https://www.riosalado.edu/,Bing HTML,web_result,scientific_knowledge_source,0.55,0.65,1,1
real-9504145,Rio Salado - Online Community College,https://www.riosalado.edu/,Bing HTML,web_result,scientific_knowledge_source,0.55,0.65,1,1
real-1597552,Rio Salado - Online Community College,https://www.riosalado.edu/,Bing HTML,web_result,scientific_knowledge_source,0.55,0.65,1,1
real-4540942,Rio Salado - Online Community College,https://www.riosalado.edu/,Bing HTML,web_result,scientific_knowledge_source,0.55,0.65,1,1
real-9214444,Rio Salado - Online Community College,https://www.riosalado.edu/,Bing HTML,web_result,scientific_knowledge_source,0.55,0.65,1,1
real-4986531,Rio Salado - Online Community College,https://www.riosalado.edu/,Bing HTML,web_result,scientific_knowledge_source,0.55,0.65,1,1
real-2514655,Rio Salado - Online Community College,https://www.riosalado.edu/,Bing HTML,web_result,scientific_knowledge_source,0.55,0.65,1,1
real-1551970,Rio Salado - Online Community College,https://www.riosalado.edu/,Bing HTML,web_result,scientific_knowledge_source,0.55,0.65,1,1
real-9676072,Rio Salado - Online Community College,https://www.riosalado.edu/,Bing HTML,web_result,scientific_knowledge_source,0.55,0.65,1,1
real-8202781,Rio Salado - Online Community College,https://www.riosalado.edu/,Bing HTML,web_result,scientific_knowledge_source,0.55,0.65,1,1
real-492239,Rio Salado - Online Community College,https://www.riosalado.edu/,Bing HTML,web_result,scientific_knowledge_source,0.55,0.65,1,1
real-2114943,Rio Salado - Online Community College,https://www.riosalado.edu/,Bing HTML,web_result,scientific_knowledge_source,0.55,0.65,1,1
real-5630271,Rio Salado - Online Community College,https://www.riosalado.edu/,Bing HTML,web_result,scientific_knowledge_source,0.55,0.65,1,1
real-1630099,Rio Salado - Online Community College,https://www.riosalado.edu/,Bing HTML,web_result,scientific_knowledge_source,0.55,0.65,1,1
real-1337680,Rio Salado - Online Community College,https://www.riosalado.edu/,Bing HTML,web_result,scientific_knowledge_source,0.55,0.65,1,1
real-2249868,Rio Salado - Online Community College,https://www.riosalado.edu/,Bing HTML,web_result,scientific_knowledge_source,0.55,0.65,1,1
real-7066160,Rio Salado - Online Community College,https://www.riosalado.edu/,Bing HTML,web_result,scientific_knowledge_source,0.55,0.65,1,1
real-4026421,Rio Salado - Online Community College,https://www.riosalado.edu/,Bing HTML,web_result,scientific_knowledge_source,0.55,0.65,1,1
real-6449856,Rio Salado - Online Community College,https://www.riosalado.edu/,Bing HTML,web_result,scientific_knowledge_source,0.55,0.65,1,1
real-3722519,Rio Salado - Online Community College,https://www.riosalado.edu/,Bing HTML,web_result,scientific_knowledge_source,0.55,0.65,1,1
real-4468364,Rio Salado - Online Community College,https://www.riosalado.edu/,Bing HTML,web_result,scientific_knowledge_source,0.55,0.65,1,1
real-5276335,Rio Salado - Online Community College,https://www.riosalado.edu/,Bing HTML,web_result,scientific_knowledge_source,0.55,0.65,1,1
real-8893389,Rio Salado - Online Community College,https://www.riosalado.edu/,Bing HTML,web_result,scientific_knowledge_source,0.55,0.65,1,1
real-2247448,Rio Salado - Online Community College,https://www.riosalado.edu/,Bing HTML,web_result,scientific_knowledge_source,0.55,0.65,1,1
real-7262418,Rio Salado - Online Community College,https://www.riosalado.edu/,Bing HTML,web_result,scientific_knowledge_source,0.55,0.65,1,1
real-3119434,Rio Salado - Online Community College,https://www.riosalado.edu/,Bing HTML,web_result,scientific_knowledge_source,0.55,0.65,1,1
real-5039757,Rio Salado - Online Community College,https://www.riosalado.edu/,Bing HTML,web_result,scientific_knowledge_source,0.55,0.65,1,1
real-3800234,Rio Salado - Online Community College,https://www.riosalado.edu/,Bing HTML,web_result,scientific_knowledge_source,0.55,0.65,1,1
real-3221817,Rio Salado - Online Community College,https://www.riosalado.edu/,Bing HTML,web_result,scientific_knowledge_source,0.55,0.65,1,1
real-5781768,Rio Salado - Online Community College,https://www.riosalado.edu/,Bing HTML,web_result,scientific_knowledge_source,0.55,0.65,1,1
real-169946,Rio Salado - Online Community College,https://www.riosalado.edu/,Bing HTML,web_result,scientific_knowledge_source,0.55,0.65,1,1
real-5359186,Rio Salado - Online Community College,https://www.riosalado.edu/,Bing HTML,web_result,scientific_knowledge_source,0.55,0.65,1,1
real-79356,Rio Salado - Online Community College,https://www.riosalado.edu/,Bing HTML,web_result,scientific_knowledge_source,0.55,0.65,1,1
real-2646951,Rio Salado - Online Community College,https://www.riosalado.edu/,Bing HTML,web_result,scientific_knowledge_source,0.55,0.65,1,1
real-6578378,Rio Salado - Online Community College,https://www.riosalado.edu/,Bing HTML,web_result,scientific_knowledge_source,0.55,0.65,1,1
real-9965201,Rio Salado - Online Community College,https://www.riosalado.edu/,Bing HTML,web_result,scientific_knowledge_source,0.55,0.65,1,1
real-287195,Rio Salado - Online Community College,https://www.riosalado.edu/,Bing HTML,web_result,scientific_knowledge_source,0.55,0.65,1,1
real-8698492,Rio Salado - Online Community College,https://www.riosalado.edu/,Bing HTML,web_result,scientific_knowledge_source,0.55,0.65,1,1
real-7159678,Rio Salado - Online Community College,https://www.riosalado.edu/,Bing HTML,web_result,scientific_knowledge_source,0.55,0.65,1,1
real-2494215,Rio Salado - Online Community College,https://www.riosalado.edu/,Bing HTML,web_result,scientific_knowledge_source,0.55,0.65,1,1
real-5934741,Rio Salado - Online Community College,https://www.riosalado.edu/,Bing HTML,web_result,scientific_knowledge_source,0.55,0.65,1,1
real-2718198,Rio Salado - Online Community College,https://www.riosalado.edu/,Bing HTML,web_result,scientific_knowledge_source,0.55,0.65,1,1
real-6562788,Rio Salado - Online Community College,https://www.riosalado.edu/,Bing HTML,web_result,scientific_knowledge_source,0.55,0.65,1,1
real-6339101,Rio Salado - Online Community College,https://www.riosalado.edu/,Bing HTML,web_result,scientific_knowledge_source,0.55,0.65,1,1
real-2898123,Rio Salado - Online Community College,https://www.riosalado.edu/,Bing HTML,web_result,scientific_knowledge_source,0.55,0.65,1,1
real-2324859,Bac&#237;a | Spanish to English Translation - SpanishDictionary.com,https://www.spanishdict.com/translate/bac%C3%ADa,Bing HTML,web_result,scientific_knowledge_source,0.55,0.55,1,1
real-3464329,Bac&#237;a | Spanish to English Translation - SpanishDictionary.com,https://www.spanishdict.com/translate/bac%C3%ADa,Bing HTML,web_result,scientific_knowledge_source,0.55,0.55,1,1
real-1489009,Bac&#237;a | Spanish to English Translation - SpanishDictionary.com,https://www.spanishdict.com/translate/bac%C3%ADa,Bing HTML,web_result,scientific_knowledge_source,0.55,0.55,1,1
real-7813330,Bac&#237;a | Spanish to English Translation - SpanishDictionary.com,https://www.spanishdict.com/translate/bac%C3%ADa,Bing HTML,web_result,scientific_knowledge_source,0.55,0.55,1,1
real-5332706,Bac&#237;a | Spanish to English Translation - SpanishDictionary.com,https://www.spanishdict.com/translate/bac%C3%ADa,Bing HTML,web_result,scientific_knowledge_source,0.55,0.55,1,1
real-1274362,Bac&#237;a | Spanish to English Translation - SpanishDictionary.com,https://www.spanishdict.com/translate/bac%C3%ADa,Bing HTML,web_result,scientific_knowledge_source,0.55,0.55,1,1
real-261394,Bac&#237;a | Spanish to English Translation - SpanishDictionary.com,https://www.spanishdict.com/translate/bac%C3%ADa,Bing HTML,web_result,scientific_knowledge_source,0.55,0.55,1,1
real-3827128,Bac&#237;a | Spanish to English Translation - SpanishDictionary.com,https://www.spanishdict.com/translate/bac%C3%ADa,Bing HTML,web_result,scientific_knowledge_source,0.55,0.55,1,1
real-688940,Bac&#237;a | Spanish to English Translation - SpanishDictionary.com,https://www.spanishdict.com/translate/bac%C3%ADa,Bing HTML,web_result,scientific_knowledge_source,0.55,0.55,1,1
real-8879281,Bac&#237;a | Spanish to English Translation - SpanishDictionary.com,https://www.spanishdict.com/translate/bac%C3%ADa,Bing HTML,web_result,scientific_knowledge_source,0.55,0.55,1,1
real-8718186,Bac&#237;a | Spanish to English Translation - SpanishDictionary.com,https://www.spanishdict.com/translate/bac%C3%ADa,Bing HTML,web_result,scientific_knowledge_source,0.55,0.55,1,1
real-7755277,Bac&#237;a | Spanish to English Translation - SpanishDictionary.com,https://www.spanishdict.com/translate/bac%C3%ADa,Bing HTML,web_result,scientific_knowledge_source,0.55,0.55,1,1
real-8322568,Bac&#237;a | Spanish to English Translation - SpanishDictionary.com,https://www.spanishdict.com/translate/bac%C3%ADa,Bing HTML,web_result,scientific_knowledge_source,0.55,0.55,1,1
real-9238962,A Gallon of Tea: How Many Does It Serve? Tips &amp; Calculations | Tea ...,https://www.teamastershub.com/gallon-of-tea-serves/,Bing HTML,web_result,scientific_knowledge_source,0.55,0.55,1,1
real-1764086,What does bacia mean in Italian? - WordHippo,https://www.wordhippo.com/what-is/the-meaning-of/italian-word-b7d76ff3d3e2305275c34b508476a4198a70f9e0.html,Bing HTML,web_result,scientific_knowledge_source,0.55,0.7,1,1
real-1151038,What does bacia mean in Italian? - WordHippo,https://www.wordhippo.com/what-is/the-meaning-of/italian-word-b7d76ff3d3e2305275c34b508476a4198a70f9e0.html,Bing HTML,web_result,scientific_knowledge_source,0.55,0.7,1,1
real-4598636,What does bacia mean in Italian? - WordHippo,https://www.wordhippo.com/what-is/the-meaning-of/italian-word-b7d76ff3d3e2305275c34b508476a4198a70f9e0.html,Bing HTML,web_result,scientific_knowledge_source,0.55,0.7,1,1
real-462756,What does bacia mean in Italian? - WordHippo,https://www.wordhippo.com/what-is/the-meaning-of/italian-word-b7d76ff3d3e2305275c34b508476a4198a70f9e0.html,Bing HTML,web_result,scientific_knowledge_source,0.55,0.7,1,1
real-1726423,What does bacia mean in Italian? - WordHippo,https://www.wordhippo.com/what-is/the-meaning-of/italian-word-b7d76ff3d3e2305275c34b508476a4198a70f9e0.html,Bing HTML,web_result,scientific_knowledge_source,0.55,0.7,1,1
real-1098885,What does bacia mean in Italian? - WordHippo,https://www.wordhippo.com/what-is/the-meaning-of/italian-word-b7d76ff3d3e2305275c34b508476a4198a70f9e0.html,Bing HTML,web_result,scientific_knowledge_source,0.55,0.7,1,1
real-5128799,What does bacia mean in Italian? - WordHippo,https://www.wordhippo.com/what-is/the-meaning-of/italian-word-b7d76ff3d3e2305275c34b508476a4198a70f9e0.html,Bing HTML,web_result,scientific_knowledge_source,0.55,0.7,1,1
real-7924738,What does bacia mean in Italian? - WordHippo,https://www.wordhippo.com/what-is/the-meaning-of/italian-word-b7d76ff3d3e2305275c34b508476a4198a70f9e0.html,Bing HTML,web_result,scientific_knowledge_source,0.55,0.7,1,1
real-3354369,What does bacia mean in Italian? - WordHippo,https://www.wordhippo.com/what-is/the-meaning-of/italian-word-b7d76ff3d3e2305275c34b508476a4198a70f9e0.html,Bing HTML,web_result,scientific_knowledge_source,0.55,0.7,1,1
real-2337659,What does bacia mean in Italian? - WordHippo,https://www.wordhippo.com/what-is/the-meaning-of/italian-word-b7d76ff3d3e2305275c34b508476a4198a70f9e0.html,Bing HTML,web_result,scientific_knowledge_source,0.55,0.7,1,1
real-7269520,What does bacia mean in Italian? - WordHippo,https://www.wordhippo.com/what-is/the-meaning-of/italian-word-b7d76ff3d3e2305275c34b508476a4198a70f9e0.html,Bing HTML,web_result,scientific_knowledge_source,0.55,0.7,1,1
real-2311243,What does bacia mean in Italian? - WordHippo,https://www.wordhippo.com/what-is/the-meaning-of/italian-word-b7d76ff3d3e2305275c34b508476a4198a70f9e0.html,Bing HTML,web_result,scientific_knowledge_source,0.55,0.7,1,1
real-7993734,What does bacia mean in Italian? - WordHippo,https://www.wordhippo.com/what-is/the-meaning-of/italian-word-b7d76ff3d3e2305275c34b508476a4198a70f9e0.html,Bing HTML,web_result,scientific_knowledge_source,0.55,0.7,1,1
